beginyear,medium,imageurl,decade,hex_color
1490,print,"https://api.nga.gov/iiif/0ca4f7bc-a65e-48df-8587-3546cc0e556f/full/!200,200/0/default.jpg",1490,"182, 166, 141"
1475,sculpture,"https://api.nga.gov/iiif/3ba2eeec-1e01-4537-88ba-783cc862a21d/full/!200,200/0/default.jpg",1470,"57, 45, 31"
1425,sculpture,"https://api.nga.gov/iiif/f796e3a8-43fb-4fd8-b09a-5df29337538b/full/!200,200/0/default.jpg",1420,"52, 44, 33"
1480,print,"https://api.nga.gov/iiif/f34092a3-6e41-4337-81ac-79798302133a/full/!200,200/0/default.jpg",1480,"188, 153, 107"
1460,print,"https://api.nga.gov/iiif/f448c2ab-30cc-4741-9124-e615fbf84a1d/full/!200,200/0/default.jpg",1460,"201, 185, 158"
1470,sculpture,"https://api.nga.gov/iiif/9ea0c5e1-37a9-4100-95a8-6c1539aa1167/full/!200,200/0/default.jpg",1470,"68, 53, 42"
1480,print,"https://api.nga.gov/iiif/bc5e9c09-0dfc-400c-9dc8-486c9b7960ba/full/!200,200/0/default.jpg",1480,"213, 197, 171"
1425,drawing,"https://api.nga.gov/iiif/f060e3e4-c09f-44ea-8669-103659ecbb8f/full/!200,200/0/default.jpg",1420,"190, 170, 152"
1465,print,"https://api.nga.gov/iiif/83f17464-acdd-4966-91ad-e6c34cfdb473/full/!200,200/0/default.jpg",1460,"176, 163, 139"
1475,sculpture,"https://api.nga.gov/iiif/e95812ff-d68a-42bc-b1e6-555fea2ed4dc/full/!200,200/0/default.jpg",1470,"67, 50, 38"
1455,painting,"https://api.nga.gov/iiif/6cb74e73-7fb1-4a00-8932-5a791aa03358/full/!200,200/0/default.jpg",1450,"118, 91, 66"
1456,painting,"https://api.nga.gov/iiif/644d2492-3c7c-4f1e-ab33-c837edc019c2/full/!200,200/0/default.jpg",1450,"127, 100, 66"
1475,sculpture,"https://api.nga.gov/iiif/405923b6-dd1b-4848-83e5-17e1a2701015/full/!200,200/0/default.jpg",1470,"42, 40, 38"
1475,sculpture,"https://api.nga.gov/iiif/8c0da809-4d16-49d7-9909-4348d81dd1f2/full/!200,200/0/default.jpg",1470,"54, 50, 43"
1444,sculpture,"https://api.nga.gov/iiif/2f274eef-0480-4fc3-868d-632537f5c1cc/full/!200,200/0/default.jpg",1440,"62, 54, 46"
1497,print,"https://api.nga.gov/iiif/37e10471-603e-4eb1-89bc-9b69747d1155/full/!200,200/0/default.jpg",1490,"195, 179, 155"
1460,print,"https://api.nga.gov/iiif/50f417c9-7958-4d68-9ed9-b93c1929ad1c/full/!200,200/0/default.jpg",1460,"198, 164, 114"
1485,sculpture,"https://api.nga.gov/iiif/1b25ecda-2c85-4a55-bf66-3483a1656b1f/full/!200,200/0/default.jpg",1480,"64, 51, 43"
1460,print,"https://api.nga.gov/iiif/cb2131d0-93ab-45d8-a898-1b2c26e2a9b8/full/!200,200/0/default.jpg",1460,"193, 174, 144"
1450,print,"https://api.nga.gov/iiif/1e63b105-760e-4425-896a-1419f31b230a/full/!200,200/0/default.jpg",1450,"109, 96, 81"
1465,print,"https://api.nga.gov/iiif/cf0ce8e3-d244-42b9-92ac-672350cc6739/full/!200,200/0/default.jpg",1460,"164, 151, 132"
1490,print,"https://api.nga.gov/iiif/11faeb6c-314e-4ed1-93c7-6761013848d4/full/!200,200/0/default.jpg",1490,"171, 133, 98"
1470,print,"https://api.nga.gov/iiif/22957a47-bdd4-4f9e-97cf-8f260aa45046/full/!200,200/0/default.jpg",1470,"185, 171, 149"
1450,sculpture,"https://api.nga.gov/iiif/918621e8-5091-4f01-b093-146fbc6d0026/full/!200,200/0/default.jpg",1450,"74, 55, 37"
1450,decorative art,"https://api.nga.gov/iiif/71f7459f-9362-4468-a6d7-584e77b9ca91/full/!200,200/0/default.jpg",1450,"163, 164, 161"
1472,print,"https://api.nga.gov/iiif/84358d66-a5ca-4f69-9f9e-6c772acb6686/full/!200,200/0/default.jpg",1470,"187, 173, 149"
1480,print,"https://api.nga.gov/iiif/b05b0628-70da-4312-88f1-588de4e936a0/full/!200,200/0/default.jpg",1480,"163, 150, 130"
1490,drawing,"https://api.nga.gov/iiif/8e44372e-f378-4109-9ff5-d8b79fd50fb0/full/!200,200/0/default.jpg",1490,"180, 169, 148"
1480,print,"https://api.nga.gov/iiif/ac6a9e29-15c0-49c2-bce8-0eb3808528fd/full/!200,200/0/default.jpg",1480,"168, 130, 95"
1475,drawing,"https://api.nga.gov/iiif/10e68c92-11fe-4d04-a02f-b1eceaa4b47f/full/!200,200/0/default.jpg",1470,"161, 131, 93"
1450,sculpture,"https://api.nga.gov/iiif/705b17b2-2994-4fb1-95ef-f48eea363fa3/full/!200,200/0/default.jpg",1450,"64, 52, 37"
1480,print,"https://api.nga.gov/iiif/dc5c1cb0-4aa8-4053-ae0c-901a78e37585/full/!200,200/0/default.jpg",1480,"165, 148, 128"
1474,sculpture,"https://api.nga.gov/iiif/2dc5b454-5cd0-483a-91a4-d098febc7ad7/full/!200,200/0/default.jpg",1470,"64, 46, 33"
1473,print,"https://api.nga.gov/iiif/185b6af4-03d5-41d7-92d6-5590e19fd6ee/full/!200,200/0/default.jpg",1470,"161, 147, 131"
1490,print,"https://api.nga.gov/iiif/701fdd60-18e3-4f27-acb9-66d607bc976f/full/!200,200/0/default.jpg",1490,"173, 165, 148"
1450,sculpture,"https://api.nga.gov/iiif/c86058d1-5081-485a-a761-2a80c9256004/full/!200,200/0/default.jpg",1450,"31, 23, 17"
1490,print,"https://api.nga.gov/iiif/746b0289-c627-4ebc-8ae6-96305861b56e/full/!200,200/0/default.jpg",1490,"152, 130, 94"
1425,sculpture,"https://api.nga.gov/iiif/07896667-8c43-46b2-9d1f-15ae61725a1e/full/!200,200/0/default.jpg",1420,"56, 45, 35"
1495,sculpture,"https://api.nga.gov/iiif/61079865-92a8-4846-b139-43cce0af3578/full/!200,200/0/default.jpg",1490,"58, 50, 43"
1475,sculpture,"https://api.nga.gov/iiif/7fbc1c52-9d3d-4c4f-bd04-75137ee1f234/full/!200,200/0/default.jpg",1470,"68, 63, 57"
1490,print,"https://api.nga.gov/iiif/e804e3db-830a-4229-88eb-59bcf0d0d15c/full/!200,200/0/default.jpg",1490,"158, 125, 90"
1490,print,"https://api.nga.gov/iiif/1398e4b0-2ecd-4da7-bc07-e7c67969b374/full/!200,200/0/default.jpg",1490,"166, 136, 105"
1480,sculpture,"https://api.nga.gov/iiif/1595ea1a-2edb-4ffc-bcd2-0a1980bad4ab/full/!200,200/0/default.jpg",1480,"50, 38, 26"
1478,sculpture,"https://api.nga.gov/iiif/421c09ef-f81a-4698-8b98-e504febd4225/full/!200,200/0/default.jpg",1470,"60, 53, 45"
1480,print,"https://api.nga.gov/iiif/33e29032-6d8d-4b06-855d-ffc0b1efacb8/full/!200,200/0/default.jpg",1480,"129, 107, 83"
1450,print,"https://api.nga.gov/iiif/d88b5268-d3ed-4611-8ae3-1dd55a531599/full/!200,200/0/default.jpg",1450,"190, 167, 135"
1465,sculpture,"https://api.nga.gov/iiif/b8920cee-3023-43e2-9644-ba1abd2ec7b8/full/!200,200/0/default.jpg",1460,"58, 50, 40"
1430,drawing,"https://api.nga.gov/iiif/2a4bbfd6-3d5a-44dd-8338-c0e9ea700b94/full/!200,200/0/default.jpg",1430,"184, 166, 156"
1455,sculpture,"https://api.nga.gov/iiif/831fe2ab-c3a9-480b-9eba-a926a34582ed/full/!200,200/0/default.jpg",1450,"114, 108, 101"
1420,sculpture,"https://api.nga.gov/iiif/192f0638-6de0-45d8-8a31-ccbeab9f2485/full/!200,200/0/default.jpg",1420,"43, 35, 29"
1473,sculpture,"https://api.nga.gov/iiif/db08c6cb-a3ef-478b-9186-9d12e37f3561/full/!200,200/0/default.jpg",1470,"87, 84, 79"
1450,print,"https://api.nga.gov/iiif/d1bce3e2-c611-437e-bc6c-ef3d6473e981/full/!200,200/0/default.jpg",1450,"178, 164, 145"
1475,sculpture,"https://api.nga.gov/iiif/b3bf597b-38b1-4a8b-a143-0247f8328bd3/full/!200,200/0/default.jpg",1470,"89, 63, 43"
1447,sculpture,"https://api.nga.gov/iiif/f4460d5e-e23f-4d1c-af03-a99671cfb0b1/full/!200,200/0/default.jpg",1440,"43, 39, 36"
1490,print,"https://api.nga.gov/iiif/51ea27bd-dd01-434d-81ac-53703e3ba01d/full/!200,200/0/default.jpg",1490,"187, 165, 129"
1485,sculpture,"https://api.nga.gov/iiif/7dc04e47-ac8a-475f-bb7a-802bce3cc3d2/full/!200,200/0/default.jpg",1480,"62, 44, 29"
1489,drawing,"https://api.nga.gov/iiif/206665d0-fcb6-4eab-97a5-e29e2700efd4/full/!200,200/0/default.jpg",1480,"213, 200, 186"
1475,sculpture,"https://api.nga.gov/iiif/86507bd9-7e7b-418d-8973-8c16014eeec7/full/!200,200/0/default.jpg",1470,"52, 39, 22"
1475,sculpture,"https://api.nga.gov/iiif/614fcbe8-c263-4ca8-a92f-b131b5338c12/full/!200,200/0/default.jpg",1470,"110, 77, 51"
1486,print,"https://api.nga.gov/iiif/f799ad71-94f6-4dc2-882e-307aeede2d24/full/!200,200/0/default.jpg",1480,"200, 184, 158"
1475,print,"https://api.nga.gov/iiif/11bb4a72-0a9d-4f4f-80b4-108b3decdf05/full/!200,200/0/default.jpg",1470,"130, 119, 106"
1425,drawing,"https://api.nga.gov/iiif/71d7eec5-6f34-4e19-a8d2-b6a3e951efe9/full/!200,200/0/default.jpg",1420,"185, 168, 145"
1475,sculpture,"https://api.nga.gov/iiif/ba21b9cc-17da-4ead-b765-816331d82e58/full/!200,200/0/default.jpg",1470,"51, 38, 25"
1496,sculpture,"https://api.nga.gov/iiif/0284c693-39ca-4732-9ebd-469441707186/full/!200,200/0/default.jpg",1490,"69, 59, 47"
1420,sculpture,"https://api.nga.gov/iiif/dad234d1-8450-4914-9c92-37d7b6674e84/full/!200,200/0/default.jpg",1420,"50, 40, 32"
1442,painting,"https://api.nga.gov/iiif/d1eead36-4fdb-4e08-ac4d-50c91a4b8a00/full/!200,200/0/default.jpg",1440,"126, 106, 75"
1498,print,"https://api.nga.gov/iiif/f7867f3b-b119-4327-9dcc-3bc1afd0f4b5/full/!200,200/0/default.jpg",1490,"193, 184, 163"
1490,print,"https://api.nga.gov/iiif/77920b28-6441-481d-b2ed-8c9310f518b5/full/!200,200/0/default.jpg",1490,"194, 174, 149"
1470,print,"https://api.nga.gov/iiif/f5cbaf3f-a9a7-4a8a-bfde-3e5f0d2577cb/full/!200,200/0/default.jpg",1470,"144, 130, 110"
1445,sculpture,"https://api.nga.gov/iiif/db9cec07-cecd-45b6-a2e1-c72deca845d4/full/!200,200/0/default.jpg",1440,"61, 51, 41"
1480,print,"https://api.nga.gov/iiif/cc8f1cf0-d95c-48cf-b275-94a35f38c5ec/full/!200,200/0/default.jpg",1480,"185, 167, 138"
1495,sculpture,"https://api.nga.gov/iiif/5b028bd2-4d7d-415d-becd-bcfc924ba94b/full/!200,200/0/default.jpg",1490,"52, 44, 36"
1430,print,"https://api.nga.gov/iiif/f091623e-2be7-4651-95a0-6fa72f275b2d/full/!200,200/0/default.jpg",1430,"193, 172, 129"
1471,print,"https://api.nga.gov/iiif/30db2815-5786-4fc2-8698-bb267f0dab79/full/!200,200/0/default.jpg",1470,"153, 141, 121"
1495,sculpture,"https://api.nga.gov/iiif/5a675b94-6b14-4d17-8ece-6a0ffc2a178b/full/!200,200/0/default.jpg",1490,"67, 55, 45"
1475,painting,"https://api.nga.gov/iiif/8af6e0ff-0847-4335-8fe3-72702e74fca5/full/!200,200/0/default.jpg",1470,"120, 101, 84"
1450,print,"https://api.nga.gov/iiif/2e9a6f3d-fc08-4295-9317-f8057d7bbbaf/full/!200,200/0/default.jpg",1450,"196, 181, 155"
1470,sculpture,"https://api.nga.gov/iiif/18ee462d-cf02-4550-b351-d3ca5d7516fb/full/!200,200/0/default.jpg",1470,"71, 65, 57"
1470,sculpture,"https://api.nga.gov/iiif/807c1c2a-2f5b-4339-913b-f7123e952b23/full/!200,200/0/default.jpg",1470,"75, 55, 33"
1440,print,"https://api.nga.gov/iiif/d8a0bbf2-c17a-4166-8711-a1b721d1345f/full/!200,200/0/default.jpg",1440,"171, 152, 111"
1450,drawing,"https://api.nga.gov/iiif/76105174-86a8-498f-a004-378e5a013f3d/full/!200,200/0/default.jpg",1450,"150, 141, 129"
1488,sculpture,"https://api.nga.gov/iiif/1ab777b3-4423-48e9-a4cf-3bbc742407b7/full/!200,200/0/default.jpg",1480,"66, 52, 36"
1493,painting,"https://api.nga.gov/iiif/7afeb3aa-95f4-4d07-b785-edfea8189e08/full/!200,200/0/default.jpg",1490,"61, 47, 35"
1470,sculpture,"https://api.nga.gov/iiif/b53ba8ca-41a9-48e7-be4f-65047ecf7170/full/!200,200/0/default.jpg",1470,"48, 42, 37"
1475,sculpture,"https://api.nga.gov/iiif/a33732a1-1389-4db7-a453-30f5f1759bd8/full/!200,200/0/default.jpg",1470,"51, 44, 34"
1480,print,"https://api.nga.gov/iiif/4c3168ff-0b06-45ca-85f9-cd81436cbaa0/full/!200,200/0/default.jpg",1480,"183, 166, 144"
1480,print,"https://api.nga.gov/iiif/3a8f7172-eaa6-45fc-bf6e-7a468e33cd72/full/!200,200/0/default.jpg",1480,"147, 133, 114"
1492,drawing,"https://api.nga.gov/iiif/3d1cb511-fb0d-4c20-a431-40c4b5d9ce22/full/!200,200/0/default.jpg",1490,"186, 173, 152"
1470,sculpture,"https://api.nga.gov/iiif/be64a708-879f-4091-93f7-cd49cc281bd6/full/!200,200/0/default.jpg",1470,"76, 57, 43"
1425,sculpture,"https://api.nga.gov/iiif/027b1577-6349-47de-be89-0b2474b211ab/full/!200,200/0/default.jpg",1420,"47, 41, 29"
1425,sculpture,"https://api.nga.gov/iiif/027b1577-6349-47de-be89-0b2474b211ab/full/!200,200/0/default.jpg",1420,"47, 41, 29"
1470,print,"https://api.nga.gov/iiif/92ecc3e7-6b4c-4b71-9e8f-de58669d5d87/full/!200,200/0/default.jpg",1470,"169, 156, 137"
1441,sculpture,"https://api.nga.gov/iiif/58cb7c40-e9d3-4ab3-a06f-a2f6cf5ada57/full/!200,200/0/default.jpg",1440,"51, 42, 35"
1488,sculpture,"https://api.nga.gov/iiif/1d0a729f-6c30-4378-b05e-b11e55e430fb/full/!200,200/0/default.jpg",1480,"92, 75, 59"
1470,painting,"https://api.nga.gov/iiif/8788f9a6-142d-40b7-953b-a9a208ff2eef/full/!200,200/0/default.jpg",1470,"105, 106, 98"
1497,sculpture,"https://api.nga.gov/iiif/7f1c945e-844f-4f67-80f1-9d57ce52b1ee/full/!200,200/0/default.jpg",1490,"51, 47, 42"
1445,sculpture,"https://api.nga.gov/iiif/db9cec07-cecd-45b6-a2e1-c72deca845d4/full/!200,200/0/default.jpg",1440,"61, 51, 41"
1477,sculpture,"https://api.nga.gov/iiif/e0fdbc13-d7e1-44f7-abb1-e617b9079f39/full/!200,200/0/default.jpg",1470,"69, 60, 53"
1470,print,"https://api.nga.gov/iiif/c7e59343-f485-4c10-93ff-e19bbd715129/full/!200,200/0/default.jpg",1470,"202, 178, 143"
1480,print,"https://api.nga.gov/iiif/2b3ea273-756c-4998-b2d4-2fafe3614fe8/full/!200,200/0/default.jpg",1480,"128, 107, 82"
1487,sculpture,"https://api.nga.gov/iiif/e2b9fb28-e022-45be-ac2d-662e717e0bb6/full/!200,200/0/default.jpg",1480,"37, 35, 29"
1450,sculpture,"https://api.nga.gov/iiif/aa9b4ce1-e5f1-4445-812d-5f880ff064f8/full/!200,200/0/default.jpg",1450,"71, 65, 54"
1472,sculpture,"https://api.nga.gov/iiif/a8c9a7de-f05a-49a3-8cb2-9349a5bf9136/full/!200,200/0/default.jpg",1470,"60, 50, 36"
1479,sculpture,"https://api.nga.gov/iiif/9c400cd9-ab43-4f6d-af64-01e93f7a7de3/full/!200,200/0/default.jpg",1470,"35, 32, 28"
1488,print,"https://api.nga.gov/iiif/d0946089-1069-482c-89bd-da2644cb0db2/full/!200,200/0/default.jpg",1480,"201, 185, 159"
1460,print,"https://api.nga.gov/iiif/fc913ffa-24e4-4081-abb1-c163f11caae4/full/!200,200/0/default.jpg",1460,"189, 173, 146"
1470,sculpture,"https://api.nga.gov/iiif/43237e44-a640-469a-8027-59e0881e2a7d/full/!200,200/0/default.jpg",1470,"57, 47, 37"
1485,sculpture,"https://api.nga.gov/iiif/1b25ecda-2c85-4a55-bf66-3483a1656b1f/full/!200,200/0/default.jpg",1480,"64, 51, 43"
1479,sculpture,"https://api.nga.gov/iiif/35a8de5f-debf-4abd-b8a4-bdfd52cb4383/full/!200,200/0/default.jpg",1470,"84, 80, 75"
1490,sculpture,"https://api.nga.gov/iiif/db6c3a6a-b19a-4f7b-a713-800c933344dc/full/!200,200/0/default.jpg",1490,"55, 51, 46"
1473,sculpture,"https://api.nga.gov/iiif/f7a22e34-da22-499e-b71f-56e891d7a364/full/!200,200/0/default.jpg",1470,"77, 76, 71"
1498,decorative art,"https://api.nga.gov/iiif/0a676de0-99e9-4a6a-8145-ea84ab871c22/full/!200,200/0/default.jpg",1490,"70, 49, 26"
1480,print,"https://api.nga.gov/iiif/94ee3252-2066-4f59-93b7-2c79f2f82eab/full/!200,200/0/default.jpg",1480,"127, 117, 106"
1473,sculpture,"https://api.nga.gov/iiif/b0149ff7-dede-4eb0-b196-e325521a1a19/full/!200,200/0/default.jpg",1470,"49, 47, 42"
1475,sculpture,"https://api.nga.gov/iiif/3a1d0ace-e207-495c-a988-2319cbf076b6/full/!200,200/0/default.jpg",1470,"79, 52, 38"
1425,sculpture,"https://api.nga.gov/iiif/5271678f-864d-4620-8ffa-16324facf7f5/full/!200,200/0/default.jpg",1420,"86, 70, 50"
1475,sculpture,"https://api.nga.gov/iiif/ee7406bd-40c9-43ee-8609-52b672d6cb0e/full/!200,200/0/default.jpg",1470,"200, 193, 190"
1475,drawing,"https://api.nga.gov/iiif/b472133d-967e-4606-8d03-3a9b45f20be4/full/!200,200/0/default.jpg",1470,"178, 156, 126"
1480,sculpture,"https://api.nga.gov/iiif/c4c95ba1-df2a-42d8-a816-0f63c3f2387a/full/!200,200/0/default.jpg",1480,"146, 130, 113"
1491,drawing,"https://api.nga.gov/iiif/4def26b7-1dc6-4688-81a9-1f1d01a4a709/full/!200,200/0/default.jpg",1490,"156, 144, 122"
1460,print,"https://api.nga.gov/iiif/4d875da6-cb80-4c15-bab8-b73cf063c680/full/!200,200/0/default.jpg",1460,"175, 148, 118"
1450,sculpture,"https://api.nga.gov/iiif/a4330c6b-a872-4dda-9549-1fdbbdbbda21/full/!200,200/0/default.jpg",1450,"57, 45, 37"
1472,print,"https://api.nga.gov/iiif/aa5ce66a-4dda-44da-911a-f6ad8e0e285b/full/!200,200/0/default.jpg",1470,"168, 150, 128"
1443,sculpture,"https://api.nga.gov/iiif/394bd4cd-9518-40bc-a547-5a6e19f5df64/full/!200,200/0/default.jpg",1440,"79, 58, 43"
1473,print,"https://api.nga.gov/iiif/13af6215-c6dd-4853-8a73-0b645b6733b6/full/!200,200/0/default.jpg",1470,"153, 136, 116"
1497,print,"https://api.nga.gov/iiif/4350f8af-ef20-4028-9b27-48f9c3da5fa3/full/!200,200/0/default.jpg",1490,"169, 158, 142"
1470,sculpture,"https://api.nga.gov/iiif/4d712296-2240-4fef-8da3-fb9ad3d8fb3c/full/!200,200/0/default.jpg",1470,"91, 72, 51"
1450,sculpture,"https://api.nga.gov/iiif/627708e5-d3ec-4809-a683-f58771f21c19/full/!200,200/0/default.jpg",1450,"145, 139, 136"
1480,sculpture,"https://api.nga.gov/iiif/687e5b78-3417-4e20-8db4-8372b3f139d9/full/!200,200/0/default.jpg",1480,"49, 46, 44"
1452,sculpture,"https://api.nga.gov/iiif/12fea642-3045-4a6b-beb4-c3312c131e8e/full/!200,200/0/default.jpg",1450,"56, 45, 30"
1483,sculpture,"https://api.nga.gov/iiif/fcfa3209-acfb-4878-be3c-ff665be8275f/full/!200,200/0/default.jpg",1480,"61, 51, 41"
1480,sculpture,"https://api.nga.gov/iiif/80ad057a-52e3-48d2-aaf0-6c35b7a647ae/full/!200,200/0/default.jpg",1480,"66, 46, 28"
1488,sculpture,"https://api.nga.gov/iiif/98b82e4a-43ea-47c1-ac21-4a4e192a2601/full/!200,200/0/default.jpg",1480,"64, 51, 33"
1496,print,"https://api.nga.gov/iiif/a5aca0e1-a7d3-4d40-abf8-dd52be41f3ca/full/!200,200/0/default.jpg",1490,"173, 162, 146"
1470,print,"https://api.nga.gov/iiif/6e113d8f-ebf1-4bf0-a97b-c3056b47f2e1/full/!200,200/0/default.jpg",1470,"136, 127, 115"
1470,sculpture,"https://api.nga.gov/iiif/05690471-53c4-4e0d-92b9-7cc83da4429c/full/!200,200/0/default.jpg",1470,"57, 51, 43"
1470,sculpture,"https://api.nga.gov/iiif/4fa62d17-40d9-4c7c-8d76-66c7d1182c84/full/!200,200/0/default.jpg",1470,"44, 29, 15"
1480,sculpture,"https://api.nga.gov/iiif/8d079940-02a5-423b-a6e6-70ce4c36c0ae/full/!200,200/0/default.jpg",1480,"62, 53, 40"
1499,sculpture,"https://api.nga.gov/iiif/4a92c579-2fc0-4d27-960f-c6706d1790c7/full/!200,200/0/default.jpg",1490,"79, 72, 63"
1478,sculpture,"https://api.nga.gov/iiif/b6cff933-0ef9-424d-a99f-500620ae0d37/full/!200,200/0/default.jpg",1470,"71, 61, 48"
1478,sculpture,"https://api.nga.gov/iiif/31b6d5eb-e063-44c8-945a-03f757a052eb/full/!200,200/0/default.jpg",1470,"59, 54, 46"
1490,decorative art,"https://api.nga.gov/iiif/44434774-d08a-4809-887d-14d227487204/full/!200,200/0/default.jpg",1490,"144, 112, 77"
1492,sculpture,"https://api.nga.gov/iiif/e1a91e7b-6d3f-4c30-9b8b-7a9203fa6d3c/full/!200,200/0/default.jpg",1490,"55, 41, 31"
1450,sculpture,"https://api.nga.gov/iiif/b7793ce5-17b7-4edb-8509-095fcebee463/full/!200,200/0/default.jpg",1450,"58, 45, 35"
1472,print,"https://api.nga.gov/iiif/83147a65-ac94-4458-99cf-ad05e72262a5/full/!200,200/0/default.jpg",1470,"195, 183, 167"
1480,print,"https://api.nga.gov/iiif/5053df09-2ab9-4a5e-8f90-f12e91e3061a/full/!200,200/0/default.jpg",1480,"190, 176, 155"
1450,sculpture,"https://api.nga.gov/iiif/e1657c9e-0375-4187-abe5-8403730e0e41/full/!200,200/0/default.jpg",1450,"62, 43, 31"
1470,sculpture,"https://api.nga.gov/iiif/4f671e0a-7503-4a77-87b1-0ec7ef2b6b22/full/!200,200/0/default.jpg",1470,"69, 43, 23"
1475,sculpture,"https://api.nga.gov/iiif/690c1cdb-2088-41b1-91ea-a8883878e1ed/full/!200,200/0/default.jpg",1470,"69, 49, 37"
1470,sculpture,"https://api.nga.gov/iiif/04bb276d-02b4-475f-83cf-1697f0cc343d/full/!200,200/0/default.jpg",1470,"56, 48, 38"
1496,sculpture,"https://api.nga.gov/iiif/3ab9f6c1-5a3b-4f47-a8ba-5f019c8d64f2/full/!200,200/0/default.jpg",1490,"70, 55, 36"
1460,drawing,"https://api.nga.gov/iiif/af39f56a-1a16-4d63-8f6a-222f281cafb8/full/!200,200/0/default.jpg",1460,"170, 162, 146"
1481,print,"https://api.nga.gov/iiif/e8fee2aa-476f-4399-8884-8491c7f515bd/full/!200,200/0/default.jpg",1480,"180, 165, 147"
1480,print,"https://api.nga.gov/iiif/c8f8400f-93ba-4b22-bcff-44398b57b35f/full/!200,200/0/default.jpg",1480,"116, 93, 63"
1420,drawing,"https://api.nga.gov/iiif/5b2ce2d8-1b65-496a-9b62-e7edbf9774e4/full/!200,200/0/default.jpg",1420,"210, 186, 157"
1470,print,"https://api.nga.gov/iiif/e1640271-22bb-4470-a971-9a078a89146a/full/!200,200/0/default.jpg",1470,"168, 154, 132"
1480,print,"https://api.nga.gov/iiif/9f73cbb3-8c3d-42a5-b534-be44aa29d810/full/!200,200/0/default.jpg",1480,"169, 156, 138"
1477,print,"https://api.nga.gov/iiif/5a7fb9b8-b6ad-4c15-8e88-6ee16fb6505d/full/!200,200/0/default.jpg",1470,"166, 149, 124"
1493,volume,"https://api.nga.gov/iiif/8329b6aa-2cb9-48ba-8ecd-49ba19a8779e/full/!200,200/0/default.jpg",1490,"142, 139, 109"
1489,sculpture,"https://api.nga.gov/iiif/63024ed7-ba7e-4a63-9ce4-d3978e0603ed/full/!200,200/0/default.jpg",1480,"59, 49, 39"
1499,sculpture,"https://api.nga.gov/iiif/6e59c09d-befc-4f48-9b3d-071a1a07aed0/full/!200,200/0/default.jpg",1490,"72, 52, 26"
1498,print,"https://api.nga.gov/iiif/664ed52d-2117-4768-a00a-0b03bf326051/full/!200,200/0/default.jpg",1490,"193, 178, 155"
1468,painting,"https://api.nga.gov/iiif/bbedbb38-f641-4efe-b27a-f2e1139508a7/full/!200,200/0/default.jpg",1460,"173, 134, 70"
1470,print,"https://api.nga.gov/iiif/bf1aadbb-ba8d-4e2a-9746-20be65b87f45/full/!200,200/0/default.jpg",1470,"210, 187, 153"
1460,print,"https://api.nga.gov/iiif/80dd008f-1f2f-41d5-ad48-19481c112bcb/full/!200,200/0/default.jpg",1460,"162, 142, 108"
1480,print,"https://api.nga.gov/iiif/26893e08-83d1-44e1-b230-0e746f03741d/full/!200,200/0/default.jpg",1480,"150, 136, 119"
1495,print,"https://api.nga.gov/iiif/427fe319-27b5-463b-9716-72ce5039a847/full/!200,200/0/default.jpg",1490,"199, 185, 164"
1470,sculpture,"https://api.nga.gov/iiif/807c1c2a-2f5b-4339-913b-f7123e952b23/full/!200,200/0/default.jpg",1470,"75, 55, 33"
1475,sculpture,"https://api.nga.gov/iiif/12d96f49-affe-43a1-8557-9e1c2879320f/full/!200,200/0/default.jpg",1470,"85, 70, 54"
1475,painting,"https://api.nga.gov/iiif/8297c11b-591d-4b1e-832b-ee2bb9bec53e/full/!200,200/0/default.jpg",1470,"89, 49, 31"
1450,sculpture,"https://api.nga.gov/iiif/cb2cf2c3-5fe3-4075-8ea6-1cbe14f0ebd5/full/!200,200/0/default.jpg",1450,"48, 38, 32"
1470,sculpture,"https://api.nga.gov/iiif/ffd48a0c-0104-404e-87fa-e01586d68208/full/!200,200/0/default.jpg",1470,"59, 42, 23"
1496,print,"https://api.nga.gov/iiif/ea446530-90ff-406b-a2e6-0bdb4a809af8/full/!200,200/0/default.jpg",1490,"218, 204, 184"
1446,sculpture,"https://api.nga.gov/iiif/869017ca-071c-44ec-84f2-d08f2b09513e/full/!200,200/0/default.jpg",1440,"47, 43, 38"
1450,print,"https://api.nga.gov/iiif/59e480a5-48ee-488e-ba9d-5cc4840f4541/full/!200,200/0/default.jpg",1450,"179, 166, 149"
1480,print,"https://api.nga.gov/iiif/cb930191-5481-47d0-b400-ab0708ad602a/full/!200,200/0/default.jpg",1480,"170, 138, 103"
1474,painting,"https://api.nga.gov/iiif/8f29e3c9-a289-4d53-abf0-31a66e9e98fa/full/!200,200/0/default.jpg",1470,"82, 72, 54"
1485,painting,"https://api.nga.gov/iiif/ffb111b5-5cc1-41f8-918f-c8a973709d0c/full/!200,200/0/default.jpg",1480,"112, 91, 76"
1441,sculpture,"https://api.nga.gov/iiif/7b4dae4a-d70a-4b04-851f-102be4b446a8/full/!200,200/0/default.jpg",1440,"50, 40, 31"
1490,print,"https://api.nga.gov/iiif/a91e8d26-f410-4704-8e16-96050dc6fe5e/full/!200,200/0/default.jpg",1490,"159, 141, 119"
1480,print,"https://api.nga.gov/iiif/2d58ef71-acfc-4bd2-abcf-3c06d88b4d90/full/!200,200/0/default.jpg",1480,"148, 136, 122"
1475,sculpture,"https://api.nga.gov/iiif/b7a38e72-bdf3-45fa-9fd1-97df21f18c8f/full/!200,200/0/default.jpg",1470,"66, 52, 40"
1470,sculpture,"https://api.nga.gov/iiif/7ca1a0d5-1603-40df-b781-5dfbbc476f5a/full/!200,200/0/default.jpg",1470,"52, 35, 20"
1470,sculpture,"https://api.nga.gov/iiif/1c36355b-ade6-4210-98b3-dccde7cbf89f/full/!200,200/0/default.jpg",1470,"46, 41, 37"
1470,sculpture,"https://api.nga.gov/iiif/1a7e79f0-728c-416e-8e2b-610b0d7b0898/full/!200,200/0/default.jpg",1470,"53, 41, 27"
1450,sculpture,"https://api.nga.gov/iiif/4429274c-919f-4618-9deb-a7ed6989f01f/full/!200,200/0/default.jpg",1450,"68, 57, 46"
1425,sculpture,"https://api.nga.gov/iiif/9e32853d-95d1-4e5c-9280-5dc41c32dc33/full/!200,200/0/default.jpg",1420,"49, 40, 31"
1496,drawing,"https://api.nga.gov/iiif/8221e632-6dc2-4a06-a100-9509d2f32555/full/!200,200/0/default.jpg",1490,"192, 170, 151"
1475,sculpture,"https://api.nga.gov/iiif/2dd7445f-136d-44da-ba44-70fdb269554c/full/!200,200/0/default.jpg",1470,"72, 57, 39"
1470,sculpture,"https://api.nga.gov/iiif/866bcb01-0f19-4ffd-a03f-2703cb37cde2/full/!200,200/0/default.jpg",1470,"60, 48, 36"
1485,sculpture,"https://api.nga.gov/iiif/45151047-f81f-4dee-93bb-ccd12697d17a/full/!200,200/0/default.jpg",1480,"60, 55, 48"
1489,print,"https://api.nga.gov/iiif/6dbf4146-9124-4b49-afeb-1396984ad6ee/full/!200,200/0/default.jpg",1480,"129, 117, 100"
1425,sculpture,"https://api.nga.gov/iiif/ea92ea72-d9df-4a78-93b6-66b694a27ea5/full/!200,200/0/default.jpg",1420,"154, 142, 129"
1440,sculpture,"https://api.nga.gov/iiif/6a574d46-2d7b-4ee2-a8d6-bfe67256eb07/full/!200,200/0/default.jpg",1440,"54, 47, 41"
1475,sculpture,"https://api.nga.gov/iiif/b56d1857-13d0-4022-a985-c7cdfd91f365/full/!200,200/0/default.jpg",1470,"60, 50, 37"
1495,drawing,"https://api.nga.gov/iiif/bbee3440-8836-4941-9133-fc5269c41634/full/!200,200/0/default.jpg",1490,"174, 159, 138"
1490,print,"https://api.nga.gov/iiif/e820ae1e-d4cc-4c34-a600-258966b5bcdc/full/!200,200/0/default.jpg",1490,"193, 177, 151"
1468,sculpture,"https://api.nga.gov/iiif/7544af6b-9285-476e-a065-19245858c612/full/!200,200/0/default.jpg",1460,"53, 43, 32"
1480,sculpture,"https://api.nga.gov/iiif/1b20f160-e70e-4d82-ba8f-8bc966593cac/full/!200,200/0/default.jpg",1480,"85, 75, 60"
1470,print,"https://api.nga.gov/iiif/06d64251-20d4-452f-8725-0cf500f9abcf/full/!200,200/0/default.jpg",1470,"203, 187, 160"
1491,sculpture,"https://api.nga.gov/iiif/b93ebc21-0779-4c22-81ef-6027725f8dba/full/!200,200/0/default.jpg",1490,"161, 160, 157"
1484,print,"https://api.nga.gov/iiif/136aea4f-71f9-4b89-9dfe-847c22720506/full/!200,200/0/default.jpg",1480,"189, 175, 155"
1480,print,"https://api.nga.gov/iiif/a722ae39-af79-4bca-9d61-fa9041c81d8e/full/!200,200/0/default.jpg",1480,"153, 138, 118"
1499,print,"https://api.nga.gov/iiif/0f4e1ab8-78d3-4246-934e-cd29afc3ce2b/full/!200,200/0/default.jpg",1490,"182, 165, 138"
1490,print,"https://api.nga.gov/iiif/3012a5fd-42af-4f2e-8656-aa72100ee863/full/!200,200/0/default.jpg",1490,"141, 130, 116"
1490,print,"https://api.nga.gov/iiif/a785be65-5805-4a23-89e0-a2abac77f752/full/!200,200/0/default.jpg",1490,"179, 155, 127"
1495,sculpture,"https://api.nga.gov/iiif/afba1b06-ea75-48f4-9811-5d9fd5e4eb9a/full/!200,200/0/default.jpg",1490,"49, 40, 31"
1483,drawing,"https://api.nga.gov/iiif/74737416-33d2-4964-bd92-a9649477c342/full/!200,200/0/default.jpg",1480,"201, 179, 143"
1475,sculpture,"https://api.nga.gov/iiif/56f477df-c4be-4c6a-b4f0-6f235014561f/full/!200,200/0/default.jpg",1470,"75, 55, 35"
1425,sculpture,"https://api.nga.gov/iiif/973bbe76-26dd-46d8-9200-91ca35dcff19/full/!200,200/0/default.jpg",1420,"111, 88, 56"
1445,sculpture,"https://api.nga.gov/iiif/58896b25-31a7-48f5-bb96-19c619f8ab3b/full/!200,200/0/default.jpg",1440,"51, 35, 24"
1470,painting,"https://api.nga.gov/iiif/411d388f-e778-47f8-a5e8-0c030fa03aaf/full/!200,200/0/default.jpg",1470,"129, 101, 66"
1497,drawing,"https://api.nga.gov/iiif/f22b6546-eab6-4b99-be15-8066150cf0da/full/!200,200/0/default.jpg",1490,"170, 142, 109"
1485,sculpture,"https://api.nga.gov/iiif/f5b75a28-091f-4146-81c1-41c46286ec60/full/!200,200/0/default.jpg",1480,"152, 137, 127"
1475,sculpture,"https://api.nga.gov/iiif/62e82af3-fb64-4bc5-8356-1267caf6d2b5/full/!200,200/0/default.jpg",1470,"81, 57, 34"
1490,print,"https://api.nga.gov/iiif/241e16a7-6769-4b6f-85e9-53e0856aa11c/full/!200,200/0/default.jpg",1490,"134, 124, 92"
1486,sculpture,"https://api.nga.gov/iiif/f527d7c9-cb31-4599-8c78-656b713c191c/full/!200,200/0/default.jpg",1480,"58, 48, 39"
1485,print,"https://api.nga.gov/iiif/3e9a998e-8f93-4f62-b506-d16f568b61b8/full/!200,200/0/default.jpg",1480,"162, 146, 115"
1475,sculpture,"https://api.nga.gov/iiif/c1b6591f-a427-4033-bbc8-667fbadc2707/full/!200,200/0/default.jpg",1470,"57, 48, 40"
1480,print,"https://api.nga.gov/iiif/b3d800f0-5556-408a-b1e5-d3d4e3a6d6c0/full/!200,200/0/default.jpg",1480,"194, 179, 154"
1480,sculpture,"https://api.nga.gov/iiif/cd966c79-c468-4559-927b-998d9b1e2c9a/full/!200,200/0/default.jpg",1480,"54, 45, 37"
1496,print,"https://api.nga.gov/iiif/679c6d4c-6602-4660-bacb-3544b4b53fd3/full/!200,200/0/default.jpg",1490,"158, 150, 129"
1499,print,"https://api.nga.gov/iiif/9b1365dc-613a-4a51-a591-6e3bf9da17f2/full/!200,200/0/default.jpg",1490,"176, 158, 133"
1480,sculpture,"https://api.nga.gov/iiif/b4044623-033b-499b-9b9f-4079d5a07e35/full/!200,200/0/default.jpg",1480,"99, 78, 52"
1475,sculpture,"https://api.nga.gov/iiif/2ee15142-1e01-4cf9-b83a-afdba0346f4b/full/!200,200/0/default.jpg",1470,"162, 151, 143"
1475,sculpture,"https://api.nga.gov/iiif/3417469d-1925-4b75-9f48-80f02fa9cdc9/full/!200,200/0/default.jpg",1470,"81, 62, 40"
1496,sculpture,"https://api.nga.gov/iiif/280e208a-70ce-4cea-ad32-f20537c61bf8/full/!200,200/0/default.jpg",1490,"76, 57, 40"
1483,drawing,"https://api.nga.gov/iiif/74737416-33d2-4964-bd92-a9649477c342/full/!200,200/0/default.jpg",1480,"201, 179, 143"
1455,sculpture,"https://api.nga.gov/iiif/c5a099be-df5b-49e1-92e9-c6ac86008d11/full/!200,200/0/default.jpg",1450,"54, 42, 31"
1480,print,"https://api.nga.gov/iiif/2a403092-6540-4ddc-845a-dfad82137b8b/full/!200,200/0/default.jpg",1480,"211, 196, 171"
1465,print,"https://api.nga.gov/iiif/418b2bf0-bda5-4f90-a64c-ca8fd82abeb3/full/!200,200/0/default.jpg",1460,"181, 168, 148"
1491,painting,"https://api.nga.gov/iiif/64271c45-2acc-4011-a59f-0b79efc613db/full/!200,200/0/default.jpg",1490,"126, 109, 88"
1425,sculpture,"https://api.nga.gov/iiif/63fee1cb-27e9-4ade-b921-36e1aeaa9e68/full/!200,200/0/default.jpg",1420,"50, 37, 27"
1498,print,"https://api.nga.gov/iiif/ef4ef203-9603-4e11-b528-9563ba3f74fb/full/!200,200/0/default.jpg",1490,"138, 128, 116"
1495,sculpture,"https://api.nga.gov/iiif/465ad0e7-ef7d-4578-ad16-96fc0cf67c6b/full/!200,200/0/default.jpg",1490,"73, 62, 51"
1490,sculpture,"https://api.nga.gov/iiif/f354b351-b3dc-4cb9-bfdc-d42513a7c65d/full/!200,200/0/default.jpg",1490,"65, 54, 44"
1460,print,"https://api.nga.gov/iiif/15df55a8-9276-433e-a128-a28e86c14b07/full/!200,200/0/default.jpg",1460,"168, 149, 108"
1475,sculpture,"https://api.nga.gov/iiif/be862717-1a40-47d0-b62f-8cb36576aa3f/full/!200,200/0/default.jpg",1470,"60, 47, 37"
1470,sculpture,"https://api.nga.gov/iiif/1667a1e4-b675-4857-831d-1add5c80008a/full/!200,200/0/default.jpg",1470,"59, 57, 52"
1473,painting,"https://api.nga.gov/iiif/a34b93be-3903-47a5-a8ea-4915003a7ac4/full/!200,200/0/default.jpg",1470,"148, 112, 75"
1496,print,"https://api.nga.gov/iiif/e133ded8-77a1-4586-b016-564b278ccf4c/full/!200,200/0/default.jpg",1490,"180, 161, 136"
1475,sculpture,"https://api.nga.gov/iiif/b525be74-dd73-440e-954d-c8d4647b5f50/full/!200,200/0/default.jpg",1470,"48, 45, 43"
1465,print,"https://api.nga.gov/iiif/81442a0e-d8d7-46f0-a1f3-979aeeff0eb0/full/!200,200/0/default.jpg",1460,"185, 171, 151"
1470,print,"https://api.nga.gov/iiif/26863945-8173-48a3-81e3-05bdbb63404e/full/!200,200/0/default.jpg",1470,"158, 143, 106"
1470,print,"https://api.nga.gov/iiif/90f98992-42e5-4393-abf1-d3c963850b5a/full/!200,200/0/default.jpg",1470,"178, 161, 137"
1442,print,"https://api.nga.gov/iiif/3a16c0d6-3a16-475c-af7a-5d1bd668043a/full/!200,200/0/default.jpg",1440,"180, 169, 154"
1450,drawing,"https://api.nga.gov/iiif/57970568-f5a4-40ef-a653-ea54703e4c69/full/!200,200/0/default.jpg",1450,"139, 122, 97"
1480,print,"https://api.nga.gov/iiif/84288bb0-eb01-4126-9c38-400117bf887b/full/!200,200/0/default.jpg",1480,"170, 157, 140"
1484,sculpture,"https://api.nga.gov/iiif/aae07f8a-d3d4-4256-a13d-e1b488694fda/full/!200,200/0/default.jpg",1480,"69, 51, 32"
1475,print,"https://api.nga.gov/iiif/e5f5c632-189d-4c4e-a8a0-d760f75cf613/full/!200,200/0/default.jpg",1470,"172, 154, 129"
1480,print,"https://api.nga.gov/iiif/244d1131-42ca-4495-995b-1d6c56814f1a/full/!200,200/0/default.jpg",1480,"173, 156, 136"
1462,sculpture,"https://api.nga.gov/iiif/cff91406-dbd0-40ca-b3af-e7bf3e7b25fc/full/!200,200/0/default.jpg",1460,"90, 64, 48"
1475,sculpture,"https://api.nga.gov/iiif/00d6f221-c269-44b4-9ad6-670c24bb1abc/full/!200,200/0/default.jpg",1470,"39, 33, 29"
1476,print,"https://api.nga.gov/iiif/38dc4dd9-baf7-4bb6-88ca-41daf04e7b4e/full/!200,200/0/default.jpg",1470,"181, 168, 147"
1498,print,"https://api.nga.gov/iiif/0a2fce4a-5873-40f4-ac8d-950e4470e5c5/full/!200,200/0/default.jpg",1490,"181, 166, 143"
1488,sculpture,"https://api.nga.gov/iiif/98b82e4a-43ea-47c1-ac21-4a4e192a2601/full/!200,200/0/default.jpg",1480,"64, 51, 33"
1460,print,"https://api.nga.gov/iiif/fe9bf3d7-c495-427e-b5b2-266f8a652977/full/!200,200/0/default.jpg",1460,"165, 142, 104"
1475,sculpture,"https://api.nga.gov/iiif/d8cdb475-9d1d-4451-b093-d18e9c3475bf/full/!200,200/0/default.jpg",1470,"70, 55, 40"
1496,print,"https://api.nga.gov/iiif/e133ded8-77a1-4586-b016-564b278ccf4c/full/!200,200/0/default.jpg",1490,"180, 161, 136"
1484,sculpture,"https://api.nga.gov/iiif/266a9fc5-0e5e-4296-b5ba-81d00e1b238b/full/!200,200/0/default.jpg",1480,"163, 147, 127"
1450,sculpture,"https://api.nga.gov/iiif/f9461f8e-74cf-4a70-a161-d3ac9278e190/full/!200,200/0/default.jpg",1450,"143, 139, 133"
1468,sculpture,"https://api.nga.gov/iiif/b79e21f7-369e-4938-8cca-032ef9c3dd52/full/!200,200/0/default.jpg",1460,"88, 58, 35"
1499,sculpture,"https://api.nga.gov/iiif/9fe8deb0-d414-4a85-9575-5070b7db0024/full/!200,200/0/default.jpg",1490,"51, 45, 38"
1478,sculpture,"https://api.nga.gov/iiif/ccff09fd-9970-4f56-bfbd-c75494a2f5f8/full/!200,200/0/default.jpg",1470,"40, 34, 30"
1473,sculpture,"https://api.nga.gov/iiif/405240ff-1d3c-4045-af30-a492f236a8be/full/!200,200/0/default.jpg",1470,"51, 47, 41"
1475,sculpture,"https://api.nga.gov/iiif/37603545-af45-4b0c-a589-b0997a7f2f3d/full/!200,200/0/default.jpg",1470,"178, 170, 160"
1450,drawing,"https://api.nga.gov/iiif/57970568-f5a4-40ef-a653-ea54703e4c69/full/!200,200/0/default.jpg",1450,"139, 122, 97"
1438,sculpture,"https://api.nga.gov/iiif/4df64e76-3914-49ea-800d-cc3a34f9150a/full/!200,200/0/default.jpg",1430,"65, 58, 50"
1470,print,"https://api.nga.gov/iiif/92ecc3e7-6b4c-4b71-9e8f-de58669d5d87/full/!200,200/0/default.jpg",1470,"169, 156, 137"
1475,sculpture,"https://api.nga.gov/iiif/356e7f55-795d-47d8-8fbe-40bbd2fb1e97/full/!200,200/0/default.jpg",1470,"90, 69, 45"
1450,print,"https://api.nga.gov/iiif/31cc2803-399c-4d38-881a-a2dcf26bf1be/full/!200,200/0/default.jpg",1450,"143, 113, 85"
1440,print,"https://api.nga.gov/iiif/da60102a-330c-457e-9209-ee5767d55425/full/!200,200/0/default.jpg",1440,"186, 168, 145"
1450,decorative art,"https://api.nga.gov/iiif/5df8bf44-8b6f-47cc-870e-58af236c0992/full/!200,200/0/default.jpg",1450,"162, 161, 159"
1470,painting,"https://api.nga.gov/iiif/244fe732-1479-4963-a716-ab62b8ac4879/full/!200,200/0/default.jpg",1470,"151, 127, 86"
1481,print,"https://api.nga.gov/iiif/3d139f00-d291-4179-b4c7-6260cccb6a5d/full/!200,200/0/default.jpg",1480,"200, 182, 154"
1475,sculpture,"https://api.nga.gov/iiif/21dcbae5-b32a-490a-b2a0-dc72b279dd14/full/!200,200/0/default.jpg",1470,"48, 45, 43"
1480,print,"https://api.nga.gov/iiif/84288bb0-eb01-4126-9c38-400117bf887b/full/!200,200/0/default.jpg",1480,"170, 157, 140"
1490,print,"https://api.nga.gov/iiif/9bb30752-afe4-4520-99b3-1bb2770e1571/full/!200,200/0/default.jpg",1490,"173, 154, 130"
1476,drawing,"https://api.nga.gov/iiif/9a595512-f402-46e0-9cc1-abb99cec76c0/full/!200,200/0/default.jpg",1470,"162, 136, 104"
1468,sculpture,"https://api.nga.gov/iiif/40542c88-9dd3-477b-b9cf-8aca5c88829a/full/!200,200/0/default.jpg",1460,"74, 54, 38"
1450,sculpture,"https://api.nga.gov/iiif/4780fcb6-2fa0-472d-a63a-f7ea987ed0cb/full/!200,200/0/default.jpg",1450,"52, 50, 47"
1435,sculpture,"https://api.nga.gov/iiif/9967c727-c6d8-4d8a-af01-540cc2d3d31c/full/!200,200/0/default.jpg",1430,"42, 38, 33"
1480,sculpture,"https://api.nga.gov/iiif/8d079940-02a5-423b-a6e6-70ce4c36c0ae/full/!200,200/0/default.jpg",1480,"62, 53, 40"
1480,print,"https://api.nga.gov/iiif/f70f6831-e1e2-4201-8fb2-fa89c2a34090/full/!200,200/0/default.jpg",1480,"190, 166, 126"
1493,drawing,"https://api.nga.gov/iiif/0af7e654-c583-47a0-b80b-26b30c44255b/full/!200,200/0/default.jpg",1490,"188, 162, 129"
1470,print,"https://api.nga.gov/iiif/4b34614d-2e30-4f96-be0f-4ff61a23d39b/full/!200,200/0/default.jpg",1470,"154, 140, 122"
1475,sculpture,"https://api.nga.gov/iiif/65e84ae6-c754-4830-af71-9d8a5764a83e/full/!200,200/0/default.jpg",1470,"73, 60, 47"
1470,sculpture,"https://api.nga.gov/iiif/4adaae9b-cf23-4deb-8679-4b6d681c2602/full/!200,200/0/default.jpg",1470,"67, 58, 48"
1475,sculpture,"https://api.nga.gov/iiif/5c3c67ae-a22b-4a01-9657-21ef3a9bdafe/full/!200,200/0/default.jpg",1470,"75, 56, 40"
1475,sculpture,"https://api.nga.gov/iiif/9f9e5e7c-3a18-475e-89af-5b4a30fcf781/full/!200,200/0/default.jpg",1470,"206, 205, 204"
1485,drawing,"https://api.nga.gov/iiif/4ba9dd47-3f06-44e5-ab70-89983f0fee8b/full/!200,200/0/default.jpg",1480,"235, 216, 180"
1425,sculpture,"https://api.nga.gov/iiif/f3f9f495-29c2-4743-939f-95989e0e42e1/full/!200,200/0/default.jpg",1420,"60, 51, 43"
1450,sculpture,"https://api.nga.gov/iiif/c8c99710-fd91-4cc6-adad-ebc03e04e975/full/!200,200/0/default.jpg",1450,"47, 43, 38"
1453,print,"https://api.nga.gov/iiif/92741193-9e29-4a2d-b479-5a570bc8f060/full/!200,200/0/default.jpg",1450,"137, 123, 107"
1475,sculpture,"https://api.nga.gov/iiif/7e1b3b87-2065-455a-aa9a-de4ca8d41f95/full/!200,200/0/default.jpg",1470,"121, 108, 88"
1475,sculpture,"https://api.nga.gov/iiif/620a5d8d-1f45-48c5-ba2b-cd257a80c68e/full/!200,200/0/default.jpg",1470,"64, 48, 33"
1480,print,"https://api.nga.gov/iiif/8f1fb01a-b3a1-49a0-9889-335a1aa781e9/full/!200,200/0/default.jpg",1480,"131, 122, 111"
1465,print,"https://api.nga.gov/iiif/8b08df4f-d945-4d1a-b3b9-44467189960c/full/!200,200/0/default.jpg",1460,"182, 166, 143"
1454,sculpture,"https://api.nga.gov/iiif/32578261-8699-4ffd-9c07-41019fb74414/full/!200,200/0/default.jpg",1450,"54, 46, 37"
1470,sculpture,"https://api.nga.gov/iiif/842e2fc0-81e2-481b-995c-719097ac9506/full/!200,200/0/default.jpg",1470,"68, 60, 48"
1471,print,"https://api.nga.gov/iiif/58929e92-3f16-4552-938d-6342f4345456/full/!200,200/0/default.jpg",1470,"145, 130, 109"
1475,sculpture,"https://api.nga.gov/iiif/be862717-1a40-47d0-b62f-8cb36576aa3f/full/!200,200/0/default.jpg",1470,"60, 47, 37"
1480,sculpture,"https://api.nga.gov/iiif/759a5974-4fee-4e53-9333-07b3ba548f25/full/!200,200/0/default.jpg",1480,"67, 48, 32"
1470,sculpture,"https://api.nga.gov/iiif/35a347a2-b229-4317-a297-ea36cec4ff53/full/!200,200/0/default.jpg",1470,"49, 36, 25"
1460,print,"https://api.nga.gov/iiif/50f417c9-7958-4d68-9ed9-b93c1929ad1c/full/!200,200/0/default.jpg",1460,"198, 164, 114"
1460,print,"https://api.nga.gov/iiif/daaee85c-388d-4754-a30a-f372a0487ea1/full/!200,200/0/default.jpg",1460,"151, 131, 99"
1480,sculpture,"https://api.nga.gov/iiif/1595ea1a-2edb-4ffc-bcd2-0a1980bad4ab/full/!200,200/0/default.jpg",1480,"50, 38, 26"
1480,sculpture,"https://api.nga.gov/iiif/25ff18be-9cc4-4ad1-bb09-3a8bd2dfc7c7/full/!200,200/0/default.jpg",1480,"88, 70, 43"
1485,print,"https://api.nga.gov/iiif/53e0b6e7-e019-4aa4-ae3a-61108ebda2a6/full/!200,200/0/default.jpg",1480,"163, 154, 141"
1475,sculpture,"https://api.nga.gov/iiif/b525be74-dd73-440e-954d-c8d4647b5f50/full/!200,200/0/default.jpg",1470,"48, 45, 43"
1475,sculpture,"https://api.nga.gov/iiif/e143954d-846c-44de-8428-4cf752f4c6bf/full/!200,200/0/default.jpg",1470,"43, 37, 26"
1490,painting,"https://api.nga.gov/iiif/530f9ddd-be0e-4a5e-9c81-95af7fa67587/full/!200,200/0/default.jpg",1490,"130, 80, 58"
1425,painting,"https://api.nga.gov/iiif/25b31b7c-4edd-4b43-9bb8-c0497aed8a4d/full/!200,200/0/default.jpg",1420,"107, 83, 64"
1470,print,"https://api.nga.gov/iiif/3984acea-499f-4a8d-8445-319bd5010def/full/!200,200/0/default.jpg",1470,"187, 175, 158"
1490,print,"https://api.nga.gov/iiif/1398e4b0-2ecd-4da7-bc07-e7c67969b374/full/!200,200/0/default.jpg",1490,"166, 136, 105"
1450,sculpture,"https://api.nga.gov/iiif/09ae204b-bec2-4979-83e6-2a5c2058a8df/full/!200,200/0/default.jpg",1450,"63, 48, 30"
1450,print,"https://api.nga.gov/iiif/bcb3a7e2-7806-4009-9363-2d2eb87d2f59/full/!200,200/0/default.jpg",1450,"176, 137, 93"
1472,print,"https://api.nga.gov/iiif/83147a65-ac94-4458-99cf-ad05e72262a5/full/!200,200/0/default.jpg",1470,"195, 183, 167"
1499,sculpture,"https://api.nga.gov/iiif/4a92c579-2fc0-4d27-960f-c6706d1790c7/full/!200,200/0/default.jpg",1490,"79, 72, 63"
1430,drawing,"https://api.nga.gov/iiif/36c914f5-8fef-4c76-ab62-62d432ada785/full/!200,200/0/default.jpg",1430,"214, 194, 175"
1480,print,"https://api.nga.gov/iiif/1bec4756-9763-4b33-a3d6-33b9ea0df84d/full/!200,200/0/default.jpg",1480,"182, 170, 152"
1481,print,"https://api.nga.gov/iiif/ca812feb-5ee8-4289-8797-a795fdfea463/full/!200,200/0/default.jpg",1480,"196, 179, 152"
1480,print,"https://api.nga.gov/iiif/c32dec97-8524-466e-9175-15d6e3e4855c/full/!200,200/0/default.jpg",1480,"204, 186, 157"
1457,print,"https://api.nga.gov/iiif/aefde1a8-f16e-4ab5-8f7b-a29798662e41/full/!200,200/0/default.jpg",1450,"139, 120, 97"
1453,sculpture,"https://api.nga.gov/iiif/b5c1b336-aace-4228-933f-47d1f3860d60/full/!200,200/0/default.jpg",1450,"55, 52, 46"
1475,sculpture,"https://api.nga.gov/iiif/21dcbae5-b32a-490a-b2a0-dc72b279dd14/full/!200,200/0/default.jpg",1470,"48, 45, 43"
1478,painting,"https://api.nga.gov/iiif/6ef2731f-05c7-422c-be03-c49b37112e66/full/!200,200/0/default.jpg",1470,"104, 66, 51"
1480,print,"https://api.nga.gov/iiif/db6738c9-bfdb-44f1-82b4-a42c45df90c1/full/!200,200/0/default.jpg",1480,"172, 150, 117"
1480,print,"https://api.nga.gov/iiif/dc9021d7-2761-431f-bc74-54946b122a43/full/!200,200/0/default.jpg",1480,"135, 117, 93"
1425,sculpture,"https://api.nga.gov/iiif/8453523b-24e5-42ff-9275-bc2ec774ae45/full/!200,200/0/default.jpg",1420,"39, 30, 22"
1470,print,"https://api.nga.gov/iiif/cfbaf822-ef7f-4411-9fab-19fc3f354d10/full/!200,200/0/default.jpg",1470,"133, 121, 98"
1470,sculpture,"https://api.nga.gov/iiif/807c1c2a-2f5b-4339-913b-f7123e952b23/full/!200,200/0/default.jpg",1470,"75, 55, 33"
1480,print,"https://api.nga.gov/iiif/33dcb7a5-9e85-4c3e-b25c-8ae649da653d/full/!200,200/0/default.jpg",1480,"210, 196, 172"
1450,sculpture,"https://api.nga.gov/iiif/7745025b-2efe-4619-a19b-45086321c2fa/full/!200,200/0/default.jpg",1450,"45, 39, 33"
1455,painting,"https://api.nga.gov/iiif/7270e9fe-1183-4441-a661-cbd826c7e8ec/full/!200,200/0/default.jpg",1450,"77, 52, 39"
1472,sculpture,"https://api.nga.gov/iiif/113df526-bd30-48f2-b249-4f13d30dca68/full/!200,200/0/default.jpg",1470,"53, 44, 39"
1472,sculpture,"https://api.nga.gov/iiif/377be3eb-4144-4fee-b8f0-550b454331be/full/!200,200/0/default.jpg",1470,"72, 59, 47"
1470,sculpture,"https://api.nga.gov/iiif/c324b426-56d2-4dbf-b16d-c7b6fd41ed4c/full/!200,200/0/default.jpg",1470,"48, 39, 28"
1480,print,"https://api.nga.gov/iiif/dc86a8fb-14d8-4f52-8aec-d8c41eb739f8/full/!200,200/0/default.jpg",1480,"172, 152, 119"
1465,print,"https://api.nga.gov/iiif/087e82a6-a1e4-4d9f-92ae-d901a3077d23/full/!200,200/0/default.jpg",1460,"153, 144, 129"
1442,print,"https://api.nga.gov/iiif/547c84a9-2a00-4841-b5b3-40371c98f5c0/full/!200,200/0/default.jpg",1440,"203, 186, 163"
1450,sculpture,"https://api.nga.gov/iiif/1de0f062-238a-4524-8612-e774922f0ff8/full/!200,200/0/default.jpg",1450,"67, 54, 44"
1490,painting,"https://api.nga.gov/iiif/530f9ddd-be0e-4a5e-9c81-95af7fa67587/full/!200,200/0/default.jpg",1490,"130, 80, 58"
1472,print,"https://api.nga.gov/iiif/84358d66-a5ca-4f69-9f9e-6c772acb6686/full/!200,200/0/default.jpg",1470,"187, 173, 149"
1450,sculpture,"https://api.nga.gov/iiif/780974c4-9090-42b7-ba70-7fcff62774d7/full/!200,200/0/default.jpg",1450,"47, 37, 28"
1475,sculpture,"https://api.nga.gov/iiif/0543c934-8ac6-408e-9187-05db28f9921e/full/!200,200/0/default.jpg",1470,"78, 68, 61"
1472,print,"https://api.nga.gov/iiif/573adcc3-55da-4842-bcd1-e33d748a6ebe/full/!200,200/0/default.jpg",1470,"168, 153, 134"
1495,print,"https://api.nga.gov/iiif/593a24ea-ce23-400b-9cdb-4f36c55cc65c/full/!200,200/0/default.jpg",1490,"169, 154, 134"
1480,print,"https://api.nga.gov/iiif/c5668564-3b81-4626-a78c-10268fda8364/full/!200,200/0/default.jpg",1480,"204, 189, 165"
1490,painting,"https://api.nga.gov/iiif/596dbe75-d5d5-4b89-a983-3ac25fec0c01/full/!200,200/0/default.jpg",1490,"112, 93, 81"
1457,sculpture,"https://api.nga.gov/iiif/bba4328d-33b7-4947-a164-118af07d1e5a/full/!200,200/0/default.jpg",1450,"59, 48, 40"
1450,sculpture,"https://api.nga.gov/iiif/ffb696b4-f556-4c73-b3e7-94ad5a79e79a/full/!200,200/0/default.jpg",1450,"63, 50, 38"
1430,drawing,"https://api.nga.gov/iiif/21154a85-2f87-4d27-8721-4cd74714fffe/full/!200,200/0/default.jpg",1430,"160, 143, 125"
1420,sculpture,"https://api.nga.gov/iiif/a38a16f5-4b41-4fa5-8fd1-f43bfadcdc0a/full/!200,200/0/default.jpg",1420,"48, 39, 33"
1490,painting,"https://api.nga.gov/iiif/d03d911a-9d6d-4eb5-ab44-298db3d40c10/full/!200,200/0/default.jpg",1490,"141, 103, 58"
1490,painting,"https://api.nga.gov/iiif/39eccc24-0e44-4e47-bbc2-24d5cacd4417/full/!200,200/0/default.jpg",1490,"102, 94, 70"
1425,sculpture,"https://api.nga.gov/iiif/5271678f-864d-4620-8ffa-16324facf7f5/full/!200,200/0/default.jpg",1420,"86, 70, 50"
1470,sculpture,"https://api.nga.gov/iiif/a6f20d0f-6223-46fd-8df0-01945a503852/full/!200,200/0/default.jpg",1470,"79, 70, 60"
1435,sculpture,"https://api.nga.gov/iiif/b149dc57-1dca-4b3f-900b-1865dfa4f50a/full/!200,200/0/default.jpg",1430,"127, 111, 86"
1490,sculpture,"https://api.nga.gov/iiif/9a134e37-ebaa-4e8c-9de3-ee0937b72ab9/full/!200,200/0/default.jpg",1490,"69, 54, 43"
1465,print,"https://api.nga.gov/iiif/8cb34450-e20e-4150-8123-32e5fa9ce531/full/!200,200/0/default.jpg",1460,"164, 145, 120"
1453,sculpture,"https://api.nga.gov/iiif/122a9539-078f-4dba-bbab-a1bfb926edd9/full/!200,200/0/default.jpg",1450,"39, 35, 29"
1475,print,"https://api.nga.gov/iiif/c466bc19-6313-49c5-8d04-5d2b864a70a2/full/!200,200/0/default.jpg",1470,"167, 153, 134"
1481,sculpture,"https://api.nga.gov/iiif/efee6502-8b2d-45d4-923a-0242278eecf6/full/!200,200/0/default.jpg",1480,"62, 47, 35"
1490,painting,"https://api.nga.gov/iiif/596dbe75-d5d5-4b89-a983-3ac25fec0c01/full/!200,200/0/default.jpg",1490,"112, 93, 81"
1475,sculpture,"https://api.nga.gov/iiif/d4e8dc56-f039-49c2-a2bf-c8b614bd98bf/full/!200,200/0/default.jpg",1470,"79, 64, 46"
1480,print,"https://api.nga.gov/iiif/9332a33e-3a4a-40d6-89eb-59616235cdef/full/!200,200/0/default.jpg",1480,"116, 104, 91"
1440,print,"https://api.nga.gov/iiif/8bcfc6ac-17ae-497b-979e-08ca1906985e/full/!200,200/0/default.jpg",1440,"173, 155, 129"
1485,sculpture,"https://api.nga.gov/iiif/f5b75a28-091f-4146-81c1-41c46286ec60/full/!200,200/0/default.jpg",1480,"152, 137, 127"
1490,painting,"https://api.nga.gov/iiif/8d4d3401-5d6a-4ab1-9542-6d2886519a29/full/!200,200/0/default.jpg",1490,"158, 138, 78"
1482,print,"https://api.nga.gov/iiif/4733fef9-55f8-4ee0-8d6c-2373371bde14/full/!200,200/0/default.jpg",1480,"155, 134, 108"
1496,sculpture,"https://api.nga.gov/iiif/2899b7bf-cc16-4d3b-90a3-f92a0514b8c0/full/!200,200/0/default.jpg",1490,"81, 66, 54"
1480,print,"https://api.nga.gov/iiif/42ab33c0-34c2-4974-ab17-8e2c9049b564/full/!200,200/0/default.jpg",1480,"151, 138, 121"
1495,print,"https://api.nga.gov/iiif/593a24ea-ce23-400b-9cdb-4f36c55cc65c/full/!200,200/0/default.jpg",1490,"169, 154, 134"
1475,sculpture,"https://api.nga.gov/iiif/98d2e9d8-b6d8-45b6-8a14-ed69564e48f3/full/!200,200/0/default.jpg",1470,"58, 50, 39"
1479,sculpture,"https://api.nga.gov/iiif/8b374f3a-6e05-4135-8667-a2891c57b1e8/full/!200,200/0/default.jpg",1470,"42, 38, 33"
1480,print,"https://api.nga.gov/iiif/952af36c-cc16-45b0-89bc-1f8ae50e7521/full/!200,200/0/default.jpg",1480,"168, 154, 135"
1475,sculpture,"https://api.nga.gov/iiif/7319a99c-a468-47a1-b7a6-16ae535ec3dd/full/!200,200/0/default.jpg",1470,"62, 48, 33"
1435,sculpture,"https://api.nga.gov/iiif/9fd0dc33-cca7-4821-8519-40c47ec08d19/full/!200,200/0/default.jpg",1430,"53, 47, 41"
1449,sculpture,"https://api.nga.gov/iiif/51454f61-36c4-4043-8a2c-9c763eaf685c/full/!200,200/0/default.jpg",1440,"58, 46, 37"
1446,sculpture,"https://api.nga.gov/iiif/95a9479b-3e1d-4a5b-b83d-7f94f629286b/full/!200,200/0/default.jpg",1440,"81, 58, 39"
1465,print,"https://api.nga.gov/iiif/9908ab66-c1f0-4c34-baf1-a61a3184ef9b/full/!200,200/0/default.jpg",1460,"170, 157, 138"
1496,drawing,"https://api.nga.gov/iiif/8221e632-6dc2-4a06-a100-9509d2f32555/full/!200,200/0/default.jpg",1490,"192, 170, 151"
1470,sculpture,"https://api.nga.gov/iiif/f0533f98-7252-441b-8d35-64d13a3756b4/full/!200,200/0/default.jpg",1470,"39, 31, 24"
1498,print,"https://api.nga.gov/iiif/bbf30601-a25d-4bc9-9563-4696748f740e/full/!200,200/0/default.jpg",1490,"160, 149, 136"
1450,sculpture,"https://api.nga.gov/iiif/ce6c6c47-dde5-4251-9ed5-42abcbbe29b0/full/!200,200/0/default.jpg",1450,"38, 30, 28"
1460,sculpture,"https://api.nga.gov/iiif/9fd91e3d-c54e-405f-b64f-f44e691a5c32/full/!200,200/0/default.jpg",1460,"83, 78, 72"
1450,print,"https://api.nga.gov/iiif/add7427c-4669-448f-b906-195d6cc988fb/full/!200,200/0/default.jpg",1450,"182, 168, 148"
1490,print,"https://api.nga.gov/iiif/58ce7617-15a9-4692-a818-5d408234a6a9/full/!200,200/0/default.jpg",1490,"166, 131, 92"
1450,print,"https://api.nga.gov/iiif/9b15e962-e1ce-4d92-a832-cc6e89dcbed3/full/!200,200/0/default.jpg",1450,"180, 156, 117"
1466,sculpture,"https://api.nga.gov/iiif/29c06c8f-342f-4d1b-af4d-9cf735c37cee/full/!200,200/0/default.jpg",1460,"46, 45, 39"
1475,sculpture,"https://api.nga.gov/iiif/ed3acf04-8718-4bca-8cf3-6fdc20cc9a77/full/!200,200/0/default.jpg",1470,"68, 51, 37"
1425,print,"https://api.nga.gov/iiif/e1efc273-ffac-4372-b154-9de9517bc3ab/full/!200,200/0/default.jpg",1420,"193, 165, 121"
1495,sculpture,"https://api.nga.gov/iiif/745663a1-155e-4dfc-a7c6-f3c9e4d87c23/full/!200,200/0/default.jpg",1490,"58, 46, 30"
1475,sculpture,"https://api.nga.gov/iiif/579eb502-3e61-4155-a045-631cbe35c452/full/!200,200/0/default.jpg",1470,"76, 64, 43"
1486,print,"https://api.nga.gov/iiif/fdd1b0f2-2081-4dd9-81ef-846ebe729b27/full/!200,200/0/default.jpg",1480,"185, 169, 142"
1465,print,"https://api.nga.gov/iiif/6bc94bf0-14a8-4e7e-bb4e-622d8eda0c1b/full/!200,200/0/default.jpg",1460,"168, 154, 135"
1470,sculpture,"https://api.nga.gov/iiif/bfccd3fe-d051-41a4-98bb-7857fb5281de/full/!200,200/0/default.jpg",1470,"73, 55, 33"
1450,print,"https://api.nga.gov/iiif/32ca0a44-98b6-46eb-9637-a46912d83402/full/!200,200/0/default.jpg",1450,"163, 137, 97"
1450,sculpture,"https://api.nga.gov/iiif/0015b53c-3543-4782-9072-6a9b8da8f918/full/!200,200/0/default.jpg",1450,"60, 49, 36"
1490,print,"https://api.nga.gov/iiif/9e2f6925-c875-4706-add5-29a64cbc6177/full/!200,200/0/default.jpg",1490,"137, 129, 120"
1472,drawing,"https://api.nga.gov/iiif/97ba78d8-57b8-405a-bf55-887a05362fb0/full/!200,200/0/default.jpg",1470,"184, 153, 142"
1475,sculpture,"https://api.nga.gov/iiif/30aefe84-dd88-4a34-ab47-f13726822174/full/!200,200/0/default.jpg",1470,"57, 43, 27"
1497,print,"https://api.nga.gov/iiif/bcb6f78b-d289-4716-9a4c-214c491cf337/full/!200,200/0/default.jpg",1490,"195, 171, 138"
1496,painting,"https://api.nga.gov/iiif/878db7e6-10ae-4cae-ba5d-6d6f5c413ae8/full/!200,200/0/default.jpg",1490,"91, 83, 68"
1410,sculpture,"https://api.nga.gov/iiif/01cf86c5-af78-4f1c-a060-fb7d204aaaf8/full/!200,200/0/default.jpg",1410,"68, 58, 49"
1450,sculpture,"https://api.nga.gov/iiif/f9461f8e-74cf-4a70-a161-d3ac9278e190/full/!200,200/0/default.jpg",1450,"143, 139, 133"
1440,print,"https://api.nga.gov/iiif/5bfed2b8-5333-42e3-88af-8a1ec4fa8b99/full/!200,200/0/default.jpg",1440,"202, 182, 154"
1494,sculpture,"https://api.nga.gov/iiif/5d0d44c8-d3e9-47ba-8d5d-0cbdc20996f6/full/!200,200/0/default.jpg",1490,"48, 38, 29"
1475,sculpture,"https://api.nga.gov/iiif/827f951e-6f06-4651-be8f-e9db82948401/full/!200,200/0/default.jpg",1470,"47, 41, 34"
1489,sculpture,"https://api.nga.gov/iiif/72366b36-fbb0-4c3b-b37d-64b4252046c0/full/!200,200/0/default.jpg",1480,"54, 47, 39"
1495,sculpture,"https://api.nga.gov/iiif/0c2d1ed3-a464-4403-99b7-d3bb2014d5e1/full/!200,200/0/default.jpg",1490,"68, 57, 47"
1490,print,"https://api.nga.gov/iiif/a785be65-5805-4a23-89e0-a2abac77f752/full/!200,200/0/default.jpg",1490,"179, 155, 127"
1475,print,"https://api.nga.gov/iiif/d007beb1-e63e-4eeb-9fec-eacb709ad413/full/!200,200/0/default.jpg",1470,"196, 184, 166"
1472,print,"https://api.nga.gov/iiif/048c15df-4cf3-47f9-b94a-91b0efa68c1a/full/!200,200/0/default.jpg",1470,"188, 173, 152"
1450,sculpture,"https://api.nga.gov/iiif/bdd3e1ce-13d1-42bf-ab88-a1e2b74e86c6/full/!200,200/0/default.jpg",1450,"79, 58, 45"
1468,sculpture,"https://api.nga.gov/iiif/dd5a1356-a434-4f60-8c1c-bc560bf875d2/full/!200,200/0/default.jpg",1460,"62, 51, 42"
1480,decorative art,"https://api.nga.gov/iiif/693b67b6-bdfd-40e8-ae25-17e27f2cfafa/full/!200,200/0/default.jpg",1480,"165, 161, 156"
1425,print,"https://api.nga.gov/iiif/3e15ec77-6646-46a1-843f-a188f3b4f307/full/!200,200/0/default.jpg",1420,"194, 173, 128"
1475,painting,"https://api.nga.gov/iiif/bfb0a807-b4bd-467a-b4ab-532d8898057b/full/!200,200/0/default.jpg",1470,"85, 78, 52"
1430,painting,"https://api.nga.gov/iiif/25119c6b-17c0-4daa-8589-dfcf2d041b4f/full/!200,200/0/default.jpg",1430,"95, 49, 18"
1465,print,"https://api.nga.gov/iiif/2b46ae95-f36f-4f7d-9c07-542318b0f908/full/!200,200/0/default.jpg",1460,"175, 161, 141"
1480,print,"https://api.nga.gov/iiif/ebcd2bd5-010c-4d69-8dd7-3e7bd29a2655/full/!200,200/0/default.jpg",1480,"144, 103, 78"
1475,sculpture,"https://api.nga.gov/iiif/e2f004cf-1a3e-42fb-876d-74956f8b8de2/full/!200,200/0/default.jpg",1470,"191, 183, 178"
1496,print,"https://api.nga.gov/iiif/122cc71d-a688-4511-80cc-4d692f37e767/full/!200,200/0/default.jpg",1490,"159, 148, 136"
1425,sculpture,"https://api.nga.gov/iiif/51df24ff-331c-422d-a4d3-fe40ef04948c/full/!200,200/0/default.jpg",1420,"43, 35, 28"
1475,sculpture,"https://api.nga.gov/iiif/4fe27dc9-e4c8-4b91-9196-e97b5b207c01/full/!200,200/0/default.jpg",1470,"44, 38, 34"
1492,sculpture,"https://api.nga.gov/iiif/23f95e8c-6b31-46de-9462-6b2efa379a86/full/!200,200/0/default.jpg",1490,"38, 33, 28"
1472,print,"https://api.nga.gov/iiif/84358d66-a5ca-4f69-9f9e-6c772acb6686/full/!200,200/0/default.jpg",1470,"187, 173, 149"
1430,painting,"https://api.nga.gov/iiif/6cdc6222-4662-4ae2-8609-7ccbb695f0fa/full/!200,200/0/default.jpg",1430,"170, 141, 107"
1485,drawing,"https://api.nga.gov/iiif/640a76fa-1a2a-473a-a90e-793992aed546/full/!200,200/0/default.jpg",1480,"183, 151, 119"
1492,sculpture,"https://api.nga.gov/iiif/3c86ff27-e858-4d22-8d63-52afba6bdb2e/full/!200,200/0/default.jpg",1490,"71, 52, 39"
1475,sculpture,"https://api.nga.gov/iiif/18bbdee8-5681-4a0e-b6de-f4f6d5855aad/full/!200,200/0/default.jpg",1470,"43, 34, 28"
1465,print,"https://api.nga.gov/iiif/a9f1cfea-032d-4e8d-afa6-bf7eca024640/full/!200,200/0/default.jpg",1460,"177, 161, 137"
1477,sculpture,"https://api.nga.gov/iiif/415a689c-ff10-42df-9c97-940d2088a558/full/!200,200/0/default.jpg",1470,"76, 57, 37"
1450,sculpture,"https://api.nga.gov/iiif/0b8db265-0648-4e30-9950-5f0399813abe/full/!200,200/0/default.jpg",1450,"76, 71, 67"
1456,sculpture,"https://api.nga.gov/iiif/fbb16e5d-6f33-400c-bca2-be2c5af2f658/full/!200,200/0/default.jpg",1450,"78, 59, 38"
1480,sculpture,"https://api.nga.gov/iiif/f19c14a3-38fd-4aa6-a8db-8cb65d817e56/full/!200,200/0/default.jpg",1480,"44, 34, 24"
1440,print,"https://api.nga.gov/iiif/720cc87c-bbcf-45b5-8c06-7d87a10b0454/full/!200,200/0/default.jpg",1440,"172, 156, 137"
1470,sculpture,"https://api.nga.gov/iiif/b821549e-87d0-4a90-a630-54f9257341b7/full/!200,200/0/default.jpg",1470,"141, 138, 132"
1472,print,"https://api.nga.gov/iiif/26aff60b-1e37-404f-881b-b170bb947d4f/full/!200,200/0/default.jpg",1470,"197, 179, 154"
1477,print,"https://api.nga.gov/iiif/5a7fb9b8-b6ad-4c15-8e88-6ee16fb6505d/full/!200,200/0/default.jpg",1470,"166, 149, 124"
1475,painting,"https://api.nga.gov/iiif/f0155917-ea57-444f-b3ed-d798b9dd942d/full/!200,200/0/default.jpg",1470,"128, 116, 104"
1470,sculpture,"https://api.nga.gov/iiif/c7da0e70-18c9-459e-8122-122a7f35edf2/full/!200,200/0/default.jpg",1470,"55, 45, 33"
1470,print,"https://api.nga.gov/iiif/35613ecb-2b7b-469f-acea-a297b0cd8b51/full/!200,200/0/default.jpg",1470,"212, 194, 167"
1499,print,"https://api.nga.gov/iiif/abdce38d-cb7d-44a3-9727-7a8cf89a6571/full/!200,200/0/default.jpg",1490,"124, 115, 103"
1480,print,"https://api.nga.gov/iiif/14a3f228-3852-4cbc-a33e-5b8f17f7eca5/full/!200,200/0/default.jpg",1480,"191, 149, 114"
1472,drawing,"https://api.nga.gov/iiif/d9d6db01-d478-4e41-b976-dc77224a0af4/full/!200,200/0/default.jpg",1470,"195, 184, 164"
1480,print,"https://api.nga.gov/iiif/d1985ee3-c284-484c-a1b7-5370fba0882f/full/!200,200/0/default.jpg",1480,"163, 146, 121"
1495,sculpture,"https://api.nga.gov/iiif/bfcb5a34-285f-4b32-beba-556789a09710/full/!200,200/0/default.jpg",1490,"72, 55, 43"
1415,painting,"https://api.nga.gov/iiif/1632458b-c6b1-43f5-802d-db2f6cb1fe03/full/!200,200/0/default.jpg",1410,"192, 157, 122"
1470,sculpture,"https://api.nga.gov/iiif/b53ba8ca-41a9-48e7-be4f-65047ecf7170/full/!200,200/0/default.jpg",1470,"48, 42, 37"
1477,sculpture,"https://api.nga.gov/iiif/e052e262-dec1-48b2-908b-bac5a11045d3/full/!200,200/0/default.jpg",1470,"80, 59, 37"
1486,sculpture,"https://api.nga.gov/iiif/527c3343-9475-4323-9c46-b3f547684611/full/!200,200/0/default.jpg",1480,"40, 36, 31"
1463,sculpture,"https://api.nga.gov/iiif/d63c0a3d-cece-4aa3-bd47-f520e5bf370c/full/!200,200/0/default.jpg",1460,"71, 66, 58"
1425,print,"https://api.nga.gov/iiif/e3c77e33-1da3-4900-ab2d-41ecd590b65c/full/!200,200/0/default.jpg",1420,"199, 172, 127"
1456,sculpture,"https://api.nga.gov/iiif/f25ed8ee-67a1-4e33-b136-160f6e2484e1/full/!200,200/0/default.jpg",1450,"69, 55, 42"
1463,sculpture,"https://api.nga.gov/iiif/7414156b-455a-4a1c-accc-daa0ad6e020d/full/!200,200/0/default.jpg",1460,"60, 48, 37"
1440,print,"https://api.nga.gov/iiif/71e0f5f8-3a92-4a64-bd18-994803f95c35/full/!200,200/0/default.jpg",1440,"172, 151, 127"
1493,print,"https://api.nga.gov/iiif/04785203-a661-49a8-9c4d-118f18895bd3/full/!200,200/0/default.jpg",1490,"130, 119, 106"
1480,print,"https://api.nga.gov/iiif/e0aaa423-66da-42b5-ac13-3d48ac72071b/full/!200,200/0/default.jpg",1480,"180, 165, 143"
1470,sculpture,"https://api.nga.gov/iiif/0be5a4fa-e717-4ba4-a8ef-ddabbc7b62d5/full/!200,200/0/default.jpg",1470,"45, 40, 34"
1480,print,"https://api.nga.gov/iiif/241a40b1-9819-4baa-96e3-7fd95cfdb4dc/full/!200,200/0/default.jpg",1480,"185, 169, 148"
1460,sculpture,"https://api.nga.gov/iiif/418ddb0e-1b52-4682-a51b-0d7d540bfde3/full/!200,200/0/default.jpg",1460,"137, 130, 120"
1445,sculpture,"https://api.nga.gov/iiif/22d19ed2-68ac-4aba-a17e-73937255b3d2/full/!200,200/0/default.jpg",1440,"47, 44, 42"
1475,sculpture,"https://api.nga.gov/iiif/da9df55d-4d52-4085-8754-6f17f3aceede/full/!200,200/0/default.jpg",1470,"52, 47, 44"
1495,print,"https://api.nga.gov/iiif/ba8e400b-6191-4b7a-88d8-3e5a1fe3a621/full/!200,200/0/default.jpg",1490,"185, 163, 134"
1450,painting,"https://api.nga.gov/iiif/c215e277-6a1a-4b25-8d0a-2bfa4db13d6a/full/!200,200/0/default.jpg",1450,"95, 31, 12"
1430,drawing,"https://api.nga.gov/iiif/f952d30a-ca0c-4f50-8796-e980e6e51db6/full/!200,200/0/default.jpg",1430,"178, 165, 152"
1486,sculpture,"https://api.nga.gov/iiif/be5f59ea-37a4-40cc-a285-d73d901c7a54/full/!200,200/0/default.jpg",1480,"45, 35, 28"
1432,painting,"https://api.nga.gov/iiif/f7d5354b-f6bc-44a3-8403-07f609a4c743/full/!200,200/0/default.jpg",1430,"102, 93, 74"
1496,drawing,"https://api.nga.gov/iiif/f000c65b-0cdb-4662-b7f7-dea3b06ce72a/full/!200,200/0/default.jpg",1490,"188, 175, 154"
1488,print,"https://api.nga.gov/iiif/f6a7e1af-48d6-4e0f-8745-abfd15bba5ad/full/!200,200/0/default.jpg",1480,"159, 146, 128"
1460,sculpture,"https://api.nga.gov/iiif/b62d804b-60c7-4272-827c-1bf61ffffc1d/full/!200,200/0/default.jpg",1460,"142, 127, 108"
1475,sculpture,"https://api.nga.gov/iiif/f8cb4690-edcd-4e6f-95fc-f7017ca6c3e5/full/!200,200/0/default.jpg",1470,"64, 43, 26"
1465,sculpture,"https://api.nga.gov/iiif/6faf145b-d87b-4a73-9d37-3a4f63996402/full/!200,200/0/default.jpg",1460,"65, 60, 51"
1480,print,"https://api.nga.gov/iiif/89588e4e-c8cd-442b-9043-45a11128b076/full/!200,200/0/default.jpg",1480,"130, 119, 102"
1477,sculpture,"https://api.nga.gov/iiif/415a689c-ff10-42df-9c97-940d2088a558/full/!200,200/0/default.jpg",1470,"76, 57, 37"
1489,sculpture,"https://api.nga.gov/iiif/53fcea1e-5eeb-4f80-9fe8-3d70d2a290ad/full/!200,200/0/default.jpg",1480,"54, 46, 36"
1460,print,"https://api.nga.gov/iiif/50f417c9-7958-4d68-9ed9-b93c1929ad1c/full/!200,200/0/default.jpg",1460,"198, 164, 114"
1465,drawing,"https://api.nga.gov/iiif/44f364bf-6db5-42f0-b8e2-2a6bcd2de1d9/full/!200,200/0/default.jpg",1460,"199, 178, 150"
1460,print,"https://api.nga.gov/iiif/d07bf080-f5d3-4792-8f88-c9dabdf208f3/full/!200,200/0/default.jpg",1460,"157, 139, 104"
1450,sculpture,"https://api.nga.gov/iiif/9672875f-ff64-4ac0-ad79-b26374218d0a/full/!200,200/0/default.jpg",1450,"44, 37, 25"
1480,print,"https://api.nga.gov/iiif/47bcd7e5-81e5-41b6-a0d0-37e84dd19491/full/!200,200/0/default.jpg",1480,"125, 143, 134"
1425,sculpture,"https://api.nga.gov/iiif/c2e34566-de95-4390-8e42-b9d7787d493e/full/!200,200/0/default.jpg",1420,"168, 168, 167"
1479,print,"https://api.nga.gov/iiif/63d0b364-5f70-41ff-a3b9-5b6a6b656e36/full/!200,200/0/default.jpg",1470,"195, 152, 109"
1425,sculpture,"https://api.nga.gov/iiif/779bc096-271e-46b1-9578-d4a6608911d6/full/!200,200/0/default.jpg",1420,"56, 48, 39"
1480,sculpture,"https://api.nga.gov/iiif/b855f09b-e3cd-4588-9e81-d4a1ee26b532/full/!200,200/0/default.jpg",1480,"54, 44, 32"
1446,sculpture,"https://api.nga.gov/iiif/ac1606c0-d857-47cd-95e9-820e7fe4c579/full/!200,200/0/default.jpg",1440,"60, 53, 42"
1450,sculpture,"https://api.nga.gov/iiif/da60a64d-a8c4-4c90-b26e-70074ad2727d/full/!200,200/0/default.jpg",1450,"55, 45, 35"
1460,sculpture,"https://api.nga.gov/iiif/d9633d4e-06e3-41a3-acac-3b11338cb511/full/!200,200/0/default.jpg",1460,"69, 58, 46"
1450,sculpture,"https://api.nga.gov/iiif/40edcd6c-0c4e-4791-a57f-12c7fbbb71fa/full/!200,200/0/default.jpg",1450,"37, 35, 30"
1473,sculpture,"https://api.nga.gov/iiif/6b3715d3-0d43-413d-9c45-41b4befa019d/full/!200,200/0/default.jpg",1470,"59, 55, 47"
1470,sculpture,"https://api.nga.gov/iiif/b41c3c15-1b1b-4774-b819-11258546b442/full/!200,200/0/default.jpg",1470,"56, 49, 39"
1496,sculpture,"https://api.nga.gov/iiif/280e208a-70ce-4cea-ad32-f20537c61bf8/full/!200,200/0/default.jpg",1490,"76, 57, 40"
1475,sculpture,"https://api.nga.gov/iiif/0543c934-8ac6-408e-9187-05db28f9921e/full/!200,200/0/default.jpg",1470,"78, 68, 61"
1450,print,"https://api.nga.gov/iiif/d88b5268-d3ed-4611-8ae3-1dd55a531599/full/!200,200/0/default.jpg",1450,"190, 167, 135"
1445,print,"https://api.nga.gov/iiif/e9ee798a-01ca-4748-886f-d9a655e344f3/full/!200,200/0/default.jpg",1440,"174, 154, 127"
1480,print,"https://api.nga.gov/iiif/8d8694b6-d4aa-43f4-b831-f0581dbef690/full/!200,200/0/default.jpg",1480,"194, 168, 136"